Last Name,First Name,E-Mail Address,
Anderson,Megan,manderson48@elon.edu,
Baker,Rand,rbaker13@elon.edu,
Bennett,Megan,mbennett14@elon.edu,
Brantley,Tanner,tbrantley@elon.edu,
Chisholm Hensley,Tai,tchisholmhensley@elon.edu,
Hoover,Mary,,mhoover6@elon.edu,
Kiffmeyer,Zachary,zkiffmeyer@elon.edu,
Pomeroy,Rachel,rpomeroy@elon.edu,
Walters,Kirbi,kwalters9@elon.edu,
